tool,run_index,time_seconds,success,error
duckdb,1,0.11354209994897246,True,
duckdb,2,0.08971410000231117,True,
duckdb,3,0.08790849999058992,True,
duckdb,4,0.09429989999625832,True,
duckdb,5,0.0890289000235498,True,
pandas,1,1.426865000044927,True,
pandas,2,1.315702199935913,True,
pandas,3,1.2890115000773221,True,
pandas,4,1.2761596000054851,True,
pandas,5,1.2240158000495285,True,
