pulocationid,avg_total_amount,trips
265,116.10833935554147,20203
1,108.53980801335554,4792
5,90.49963730569952,386
176,89.06727272727272,11
109,85.566,30
99,82.26454545454546,11
84,81.63,14
204,81.62444444444444,18
132,80.7586982444313,1926652
172,80.35592592592592,27
