borough,avg_tip_rate,trips
Staten Island,0.12427674443886541,9513802
Bronx,0.11951026556040756,5743284
Brooklyn,0.11879679865606947,15519458
Queens,0.11741554246975158,2834779
Manhattan,0.11391699636251515,2412939
